employee_id,office_id,role,hire_date,term_date
E00001,DET,Intake specialist,2010-02-10,2014-07-27
E00002,DET,Intake specialist,2011-11-14,2013-04-13
E00003,DET,Case manager,2010-12-17,2014-05-19
E00004,DET,Demand writer,2011-06-24,2017-02-13
E00005,DET,Litigation paralegal,2011-07-22,2016-03-22
E00006,DET,Associate attorney,2010-05-19,2014-11-20
E00007,DET,Intake specialist,2013-06-10,2014-07-17
E00008,DET,Case manager,2013-07-04,2017-02-17
E00009,DET,Intake specialist,2013-08-19,2016-03-13
E00010,DET,Case manager,2013-09-14,2013-11-30
E00011,DET,Associate attorney,2013-11-05,2017-04-18
E00012,DET,Case manager,2013-12-05,2021-07-21
E00013,DET,Demand writer,2014-01-16,2014-03-14
E00014,DET,Case manager,2014-02-27,2014-04-16
E00015,DET,Case manager,2014-02-21,
E00016,DET,Litigation paralegal,2014-02-28,2016-03-14
E00017,DET,Associate attorney,2014-04-28,2014-04-28
E00018,DET,Case manager,2014-06-13,2014-10-28
E00019,DET,Demand writer,2014-06-03,2021-02-09
E00020,DET,Case manager,2014-07-04,2015-04-24
E00021,DET,Associate attorney,2014-08-13,2019-01-12
E00022,DET,Case manager,2014-08-23,2014-08-21
E00023,DET,Intake specialist,2014-09-13,2017-11-27
E00024,DET,Intake specialist,2014-09-03,2014-12-31
E00025,DET,Case manager,2014-11-14,2017-06-17
E00026,DET,Case manager,2014-11-14,2019-10-22
E00027,DET,Case manager,2015-01-06,2017-05-19
E00028,DET,Associate attorney,2015-02-08,2015-07-28
E00029,DET,Associate attorney,2015-03-24,2015-06-18
E00030,DET,Case manager,2015-07-24,2015-09-12
E00031,DET,Associate attorney,2015-10-08,2016-01-15
E00032,DET,Case manager,2015-10-15,2019-08-31
E00033,DET,Intake specialist,2015-10-27,2018-02-14
E00034,DET,Associate attorney,2015-11-25,
E00035,DET,Case manager,2015-12-04,2017-04-15
E00036,DET,Demand writer,2015-12-24,2019-04-17
E00037,DET,Litigation paralegal,2016-04-25,2017-01-23
E00038,DET,Associate attorney,2016-05-27,2016-06-23
E00039,DET,Litigation paralegal,2016-06-18,2022-09-23
E00040,DET,Litigation paralegal,2016-08-12,2016-11-21
E00041,DET,Intake specialist,2016-09-07,2019-04-18
E00042,DET,Associate attorney,2016-10-13,2022-07-17
E00043,DET,Litigation paralegal,2017-02-25,2024-02-15
E00044,DET,Litigation paralegal,2017-04-24,2022-11-28
E00045,DET,Case manager,2017-05-24,2018-05-31
E00046,DET,Demand writer,2017-05-11,2022-03-19
E00047,DET,Case manager,2017-07-19,2018-07-12
E00048,DET,Associate attorney,2017-08-06,2018-02-11
E00049,DET,Case manager,2017-08-05,2020-01-17
E00050,DET,Case manager,2017-09-12,2022-07-21
E00051,DET,Case manager,2017-12-26,2022-05-28
E00052,DET,Intake specialist,2018-04-08,2018-12-15
E00053,DET,Associate attorney,2018-06-22,2018-10-26
E00054,DET,Case manager,2018-10-11,2024-01-27
E00055,DET,Intake specialist,2018-10-25,2021-01-26
E00056,DET,Associate attorney,2019-02-03,2021-04-28
E00057,DET,Case manager,2019-03-03,2019-03-16
E00058,DET,Associate attorney,2019-05-20,2019-09-25
E00059,DET,Intake specialist,2019-06-11,2022-03-31
E00060,DET,Demand writer,2019-07-16,2023-04-30
E00061,DET,Intake specialist,2019-09-26,2023-03-29
E00062,DET,Case manager,2019-11-02,2024-10-20
E00063,DET,Associate attorney,2020-01-07,
E00064,DET,Case manager,2020-01-10,
E00065,DET,Case manager,2020-04-25,2020-07-22
E00066,DET,Case manager,2020-10-06,
E00067,DET,Demand writer,2021-05-27,2024-03-28
E00068,DET,Associate attorney,2021-08-09,2022-04-23
E00069,DET,Intake specialist,2021-08-15,
E00070,DET,Case manager,2021-10-28,
E00071,DET,Demand writer,2022-06-02,
E00072,DET,Associate attorney,2022-08-14,
E00073,DET,Case manager,2022-08-06,2023-03-31
E00074,DET,Intake specialist,2022-09-25,2022-09-21
E00075,DET,Case manager,2022-10-15,2023-07-23
E00076,DET,Associate attorney,2022-11-24,
E00077,DET,Intake specialist,2022-11-16,2024-12-23
E00078,DET,Litigation paralegal,2022-12-08,
E00079,DET,Litigation paralegal,2023-02-28,
E00080,DET,Case manager,2023-06-25,2023-10-28
E00081,DET,Demand writer,2023-07-22,
E00082,DET,Case manager,2023-10-04,
E00083,DET,Intake specialist,2023-10-24,
E00084,DET,Case manager,2024-01-01,
E00085,DET,Case manager,2024-04-20,2024-08-16
E00086,DET,Case manager,2024-05-20,2024-12-20
E00087,DET,Litigation paralegal,2024-05-11,
E00088,DET,Demand writer,2024-06-03,
E00089,DET,Case manager,2024-11-06,
E00090,GRR,Intake specialist,2010-11-12,2014-08-17
E00091,GRR,Intake specialist,2011-06-13,2017-01-20
E00092,GRR,Case manager,2012-05-18,2014-02-11
E00093,GRR,Demand writer,2010-06-17,2013-06-26
E00094,GRR,Litigation paralegal,2011-04-19,2013-07-15
E00095,GRR,Associate attorney,2011-08-06,2016-09-21
E00096,GRR,Case manager,2013-08-08,2015-07-29
E00097,GRR,Demand writer,2013-09-28,2016-03-15
E00098,GRR,Litigation paralegal,2013-10-12,2018-03-19
E00099,GRR,Case manager,2013-12-01,2017-06-11
E00100,GRR,Associate attorney,2014-02-21,2016-02-28
E00101,GRR,Case manager,2014-05-01,2023-01-31
E00102,GRR,Case manager,2014-05-01,2015-03-30
E00103,GRR,Demand writer,2014-10-11,2016-06-20
E00104,GRR,Intake specialist,2014-10-18,2015-05-18
E00105,GRR,Litigation paralegal,2014-12-25,2020-06-15
E00106,GRR,Case manager,2015-06-23,2015-11-26
E00107,GRR,Case manager,2015-06-12,2016-04-30
E00108,GRR,Intake specialist,2015-08-24,2017-07-16
E00109,GRR,Case manager,2015-10-15,2016-02-25
E00110,GRR,Associate attorney,2016-01-01,
E00111,GRR,Case manager,2016-02-23,2016-03-13
E00112,GRR,Case manager,2016-05-07,2017-01-29
E00113,GRR,Associate attorney,2016-06-23,2016-08-23
E00114,GRR,Case manager,2016-06-11,2022-11-17
E00115,GRR,Demand writer,2016-06-17,2018-03-27
E00116,GRR,Case manager,2016-07-19,2019-07-17
E00117,GRR,Demand writer,2016-09-03,2018-06-17
E00118,GRR,Associate attorney,2016-12-11,2017-03-25
E00119,GRR,Associate attorney,2017-01-20,2020-08-31
E00120,GRR,Case manager,2017-04-04,2018-02-22
E00121,GRR,Associate attorney,2017-07-23,2021-04-11
E00122,GRR,Intake specialist,2017-08-05,2018-03-15
E00123,GRR,Case manager,2017-09-15,2017-11-22
E00124,GRR,Intake specialist,2017-09-16,2019-07-23
E00125,GRR,Case manager,2018-05-07,2018-06-11
E00126,GRR,Demand writer,2018-06-05,2020-07-12
E00127,GRR,Litigation paralegal,2018-06-23,2021-03-20
E00128,GRR,Intake specialist,2018-08-12,2019-01-14
E00129,GRR,Case manager,2018-09-02,2021-01-23
E00130,GRR,Demand writer,2018-09-16,2024-07-21
E00131,GRR,Case manager,2018-11-20,2022-10-27
E00132,GRR,Intake specialist,2019-07-12,2020-03-30
E00133,GRR,Intake specialist,2019-09-25,
E00134,GRR,Litigation paralegal,2020-09-09,2023-06-15
E00135,GRR,Demand writer,2020-10-07,2022-10-19
E00136,GRR,Intake specialist,2020-10-11,2020-11-16
E00137,GRR,Intake specialist,2021-01-09,2021-03-19
E00138,GRR,Case manager,2021-04-25,2024-01-24
E00139,GRR,Litigation paralegal,2021-06-11,
E00140,GRR,Associate attorney,2021-08-05,
E00141,GRR,Intake specialist,2021-08-23,2023-03-21
E00142,GRR,Case manager,2022-08-16,
E00143,GRR,Associate attorney,2022-11-03,
E00144,GRR,Case manager,2023-01-28,
E00145,GRR,Demand writer,2023-01-15,
E00146,GRR,Case manager,2023-02-05,
E00147,GRR,Case manager,2023-04-07,
E00148,GRR,Intake specialist,2023-08-01,
E00149,GRR,Litigation paralegal,2023-09-01,
E00150,GRR,Case manager,2024-04-05,2024-05-27
E00151,GRR,Case manager,2024-08-26,
E00152,GRR,Demand writer,2024-10-08,
E00153,CMH,Intake specialist,2010-03-13,2014-05-21
E00154,CMH,Intake specialist,2012-11-07,2014-03-20
E00155,CMH,Case manager,2012-08-03,2013-12-24
E00156,CMH,Demand writer,2012-06-17,2013-08-12
E00157,CMH,Litigation paralegal,2010-07-15,2013-03-21
E00158,CMH,Associate attorney,2011-01-15,2013-04-29
E00159,CMH,Litigation paralegal,2013-06-04,2014-06-14
E00160,CMH,Case manager,2013-07-24,2014-06-27
E00161,CMH,Associate attorney,2013-08-18,2019-09-26
E00162,CMH,Case manager,2013-10-14,2013-10-16
E00163,CMH,Associate attorney,2013-11-13,2013-12-15
E00164,CMH,Demand writer,2013-11-20,2018-02-23
E00165,CMH,Case manager,2014-01-21,
E00166,CMH,Case manager,2014-01-13,2018-10-13
E00167,CMH,Case manager,2014-03-11,2017-05-25
E00168,CMH,Demand writer,2014-03-10,2018-05-21
E00169,CMH,Associate attorney,2014-04-03,2022-08-21
E00170,CMH,Intake specialist,2014-05-02,2015-08-28
E00171,CMH,Case manager,2014-06-22,2016-10-23
E00172,CMH,Litigation paralegal,2014-07-06,2015-08-18
E00173,CMH,Intake specialist,2014-07-03,2019-04-24
E00174,CMH,Associate attorney,2014-09-17,2021-06-24
E00175,CMH,Case manager,2014-09-04,2018-09-21
E00176,CMH,Litigation paralegal,2014-09-28,2018-11-21
E00177,CMH,Case manager,2015-01-13,2017-12-16
E00178,CMH,Intake specialist,2015-10-28,2017-03-26
E00179,CMH,Litigation paralegal,2015-11-22,2017-04-26
E00180,CMH,Case manager,2016-01-08,2016-07-17
E00181,CMH,Case manager,2016-10-25,2017-06-26
E00182,CMH,Case manager,2017-01-07,2018-09-21
E00183,CMH,Intake specialist,2017-05-06,2019-10-25
E00184,CMH,Litigation paralegal,2017-07-12,2018-01-23
E00185,CMH,Case manager,2017-08-28,2020-08-26
E00186,CMH,Case manager,2017-09-16,2018-07-14
E00187,CMH,Associate attorney,2018-02-13,2019-10-26
E00188,CMH,Litigation paralegal,2018-02-04,2020-11-12
E00189,CMH,Case manager,2018-03-27,2018-04-17
E00190,CMH,Demand writer,2018-05-19,2021-02-09
E00191,CMH,Case manager,2018-07-27,2018-07-28
E00192,CMH,Demand writer,2018-08-21,2023-01-13
E00193,CMH,Case manager,2018-10-23,2019-05-24
E00194,CMH,Case manager,2018-10-07,
E00195,CMH,Case manager,2018-12-26,2023-03-19
E00196,CMH,Case manager,2018-12-02,2022-06-22
E00197,CMH,Case manager,2019-01-03,2021-07-21
E00198,CMH,Litigation paralegal,2019-02-05,2020-02-21
E00199,CMH,Intake specialist,2019-06-08,2020-04-13
E00200,CMH,Case manager,2019-08-26,2021-11-16
E00201,CMH,Intake specialist,2019-12-05,2020-07-30
E00202,CMH,Associate attorney,2020-02-10,2023-01-26
E00203,CMH,Associate attorney,2020-04-03,2022-01-21
E00204,CMH,Litigation paralegal,2020-05-02,2021-02-09
E00205,CMH,Intake specialist,2020-06-17,2023-03-23
E00206,CMH,Intake specialist,2020-09-07,2020-10-20
E00207,CMH,Intake specialist,2020-11-03,2024-08-22
E00208,CMH,Litigation paralegal,2021-02-19,2021-08-22
E00209,CMH,Demand writer,2021-05-02,2021-07-27
E00210,CMH,Litigation paralegal,2021-05-23,2024-06-12
E00211,CMH,Case manager,2021-10-14,2022-06-11
E00212,CMH,Demand writer,2021-10-22,2023-09-11
E00213,CMH,Intake specialist,2021-10-17,2021-10-12
E00214,CMH,Case manager,2021-11-17,2023-01-28
E00215,CMH,Litigation paralegal,2021-11-15,2023-12-27
E00216,CMH,Case manager,2022-02-21,
E00217,CMH,Associate attorney,2022-05-24,
E00218,CMH,Case manager,2022-09-19,2023-04-12
E00219,CMH,Case manager,2022-09-16,
E00220,CMH,Intake specialist,2022-10-10,
E00221,CMH,Associate attorney,2022-11-13,
E00222,CMH,Associate attorney,2022-12-05,
E00223,CMH,Case manager,2023-01-01,
E00224,CMH,Litigation paralegal,2023-01-22,
E00225,CMH,Demand writer,2023-02-19,2023-08-17
E00226,CMH,Case manager,2023-04-09,
E00227,CMH,Demand writer,2023-04-13,
E00228,CMH,Associate attorney,2023-05-01,
E00229,CMH,Case manager,2023-06-06,
E00230,CMH,Case manager,2023-07-03,
E00231,CMH,Demand writer,2023-11-04,
E00232,CMH,Demand writer,2023-12-02,
E00233,CMH,Litigation paralegal,2024-09-10,
E00234,CMH,Intake specialist,2024-10-24,
E00235,CLE,Intake specialist,2010-02-19,2015-03-30
E00236,CLE,Intake specialist,2011-09-28,2013-04-27
E00237,CLE,Case manager,2012-10-26,2014-05-18
E00238,CLE,Demand writer,2010-06-03,2013-06-14
E00239,CLE,Litigation paralegal,2012-08-19,
E00240,CLE,Associate attorney,2011-04-18,2020-02-28
E00241,CLE,Intake specialist,2013-06-08,2015-08-28
E00242,CLE,Case manager,2013-07-16,2014-08-16
E00243,CLE,Demand writer,2013-09-20,2013-12-18
E00244,CLE,Case manager,2013-10-26,2015-05-28
E00245,CLE,Associate attorney,2013-12-10,2018-06-25
E00246,CLE,Case manager,2014-01-27,2014-11-24
E00247,CLE,Demand writer,2014-03-09,2016-03-18
E00248,CLE,Demand writer,2014-04-01,2022-01-30
E00249,CLE,Case manager,2014-06-23,2014-10-17
E00250,CLE,Case manager,2014-08-28,2015-06-13
E00251,CLE,Associate attorney,2014-09-26,2019-07-19
E00252,CLE,Litigation paralegal,2014-09-07,2020-03-12
E00253,CLE,Case manager,2014-11-17,2015-05-26
E00254,CLE,Case manager,2015-01-16,2021-04-13
E00255,CLE,Case manager,2015-02-05,2016-05-24
E00256,CLE,Case manager,2015-03-07,2018-03-25
E00257,CLE,Intake specialist,2015-05-18,2019-04-29
E00258,CLE,Case manager,2015-08-14,2021-12-20
E00259,CLE,Case manager,2015-08-19,2016-03-21
E00260,CLE,Case manager,2015-09-17,2018-09-16
E00261,CLE,Intake specialist,2015-10-02,2016-07-19
E00262,CLE,Case manager,2016-06-22,2024-05-14
E00263,CLE,Demand writer,2016-06-18,2020-07-26
E00264,CLE,Case manager,2016-08-28,2018-10-14
E00265,CLE,Intake specialist,2016-09-21,2017-01-21
E00266,CLE,Intake specialist,2017-03-19,2017-11-12
E00267,CLE,Intake specialist,2018-01-27,2020-04-14
E00268,CLE,Case manager,2018-06-24,2018-06-13
E00269,CLE,Case manager,2018-09-08,2018-12-16
E00270,CLE,Associate attorney,2018-10-12,
E00271,CLE,Case manager,2018-12-14,2024-12-23
E00272,CLE,Case manager,2019-01-19,2021-11-26
E00273,CLE,Case manager,2019-01-06,
E00274,CLE,Case manager,2019-03-16,2019-03-19
E00275,CLE,Case manager,2019-06-18,2021-01-22
E00276,CLE,Intake specialist,2019-06-09,2021-02-12
E00277,CLE,Associate attorney,2019-11-27,2021-11-27
E00278,CLE,Associate attorney,2020-06-13,2021-03-16
E00279,CLE,Litigation paralegal,2020-06-27,2021-08-19
E00280,CLE,Intake specialist,2020-06-26,2021-01-17
E00281,CLE,Demand writer,2020-10-21,
E00282,CLE,Intake specialist,2021-03-12,
E00283,CLE,Associate attorney,2021-04-05,
E00284,CLE,Case manager,2021-04-06,2023-06-12
E00285,CLE,Intake specialist,2021-04-25,2022-12-18
E00286,CLE,Case manager,2021-07-15,2022-06-23
E00287,CLE,Associate attorney,2021-11-26,
E00288,CLE,Litigation paralegal,2021-11-04,
E00289,CLE,Case manager,2022-02-04,2022-02-17
E00290,CLE,Associate attorney,2022-03-21,
E00291,CLE,Case manager,2022-03-22,2024-07-14
E00292,CLE,Demand writer,2022-04-04,2023-02-25
E00293,CLE,Case manager,2022-05-02,
E00294,CLE,Case manager,2022-09-18,
E00295,CLE,Intake specialist,2023-02-27,2023-10-13
E00296,CLE,Demand writer,2023-05-19,2024-08-21
E00297,CLE,Case manager,2023-09-19,2024-08-19
E00298,CLE,Intake specialist,2023-12-27,
E00299,CLE,Case manager,2024-10-12,
E00300,CLE,Case manager,2024-11-11,
E00301,CLE,Demand writer,2024-11-05,
E00302,PHL,Intake specialist,2012-08-25,2013-06-14
E00303,PHL,Intake specialist,2010-06-09,2013-11-19
E00304,PHL,Intake specialist,2010-07-16,2013-07-21
E00305,PHL,Case manager,2011-06-17,2013-10-22
E00306,PHL,Demand writer,2010-04-04,2014-12-22
E00307,PHL,Litigation paralegal,2011-02-23,2019-08-14
E00308,PHL,Associate attorney,2012-07-17,2014-11-17
E00309,PHL,Case manager,2013-06-05,2016-02-21
E00310,PHL,Case manager,2013-09-08,2013-10-20
E00311,PHL,Intake specialist,2013-09-13,2013-11-29
E00312,PHL,Intake specialist,2013-09-01,2016-07-25
E00313,PHL,Associate attorney,2013-10-21,2016-05-26
E00314,PHL,Case manager,2013-11-24,2013-11-18
E00315,PHL,Demand writer,2013-12-04,2015-02-25
E00316,PHL,Case manager,2014-01-21,2014-03-25
E00317,PHL,Case manager,2014-01-11,2018-03-15
E00318,PHL,Intake specialist,2014-01-13,2014-10-14
E00319,PHL,Intake specialist,2014-01-23,2018-03-17
E00320,PHL,Case manager,2014-02-03,2014-04-30
E00321,PHL,Case manager,2014-02-02,2017-12-13
E00322,PHL,Associate attorney,2014-03-04,2024-07-20
E00323,PHL,Litigation paralegal,2014-04-01,2014-09-11
E00324,PHL,Case manager,2014-06-28,2016-09-11
E00325,PHL,Case manager,2014-06-27,2014-06-12
E00326,PHL,Case manager,2014-07-03,2015-08-23
E00327,PHL,Case manager,2014-09-19,2020-01-27
E00328,PHL,Case manager,2014-10-17,2015-01-26
E00329,PHL,Litigation paralegal,2014-12-20,2020-06-15
E00330,PHL,Intake specialist,2014-12-11,2015-01-19
E00331,PHL,Associate attorney,2015-01-13,2022-06-26
E00332,PHL,Case manager,2015-01-05,2015-07-22
E00333,PHL,Demand writer,2015-02-19,2017-08-24
E00334,PHL,Associate attorney,2015-03-19,2018-11-14
E00335,PHL,Demand writer,2015-03-10,2016-08-26
E00336,PHL,Case manager,2015-04-20,2016-09-23
E00337,PHL,Demand writer,2015-05-23,2017-07-30
E00338,PHL,Litigation paralegal,2015-06-11,2018-04-20
E00339,PHL,Intake specialist,2015-09-12,2019-02-28
E00340,PHL,Case manager,2015-10-12,2016-09-12
E00341,PHL,Case manager,2015-11-25,2016-03-21
E00342,PHL,Case manager,2015-11-06,2019-01-13
E00343,PHL,Case manager,2016-05-26,2016-08-30
E00344,PHL,Associate attorney,2016-09-12,2019-04-20
E00345,PHL,Intake specialist,2016-09-12,2019-12-30
E00346,PHL,Case manager,2016-10-12,2021-11-13
E00347,PHL,Demand writer,2016-11-14,2017-08-15
E00348,PHL,Case manager,2016-12-18,2017-04-28
E00349,PHL,Case manager,2016-12-14,2023-04-25
E00350,PHL,Case manager,2016-12-01,2018-03-29
E00351,PHL,Case manager,2017-01-06,2019-09-16
E00352,PHL,Case manager,2017-10-16,
E00353,PHL,Demand writer,2017-10-17,2019-05-21
E00354,PHL,Demand writer,2017-11-08,
E00355,PHL,Demand writer,2017-11-24,2019-02-21
E00356,PHL,Case manager,2018-03-15,2019-11-26
E00357,PHL,Case manager,2018-06-01,2018-06-28
E00358,PHL,Case manager,2018-06-05,2019-06-15
E00359,PHL,Litigation paralegal,2018-07-01,
E00360,PHL,Intake specialist,2018-10-14,2019-01-15
E00361,PHL,Case manager,2019-01-21,2019-06-25
E00362,PHL,Associate attorney,2019-03-01,2023-03-15
E00363,PHL,Intake specialist,2019-04-17,2021-12-24
E00364,PHL,Demand writer,2019-05-25,2021-01-21
E00365,PHL,Associate attorney,2019-08-22,2021-02-13
E00366,PHL,Demand writer,2019-08-21,2023-07-16
E00367,PHL,Case manager,2019-09-10,2021-06-12
E00368,PHL,Case manager,2019-09-06,2022-06-25
E00369,PHL,Intake specialist,2019-10-06,2020-02-21
E00370,PHL,Litigation paralegal,2019-11-13,2021-01-12
E00371,PHL,Case manager,2019-12-06,2021-06-22
E00372,PHL,Case manager,2020-01-27,2021-01-18
E00373,PHL,Case manager,2020-02-09,2020-07-15
E00374,PHL,Intake specialist,2020-04-03,2022-09-29
E00375,PHL,Litigation paralegal,2020-09-06,2023-04-26
E00376,PHL,Case manager,2020-10-21,2023-04-29
E00377,PHL,Intake specialist,2020-10-14,2022-02-18
E00378,PHL,Case manager,2021-04-27,
E00379,PHL,Demand writer,2021-04-24,2022-11-25
E00380,PHL,Litigation paralegal,2021-04-28,2022-10-17
E00381,PHL,Associate attorney,2021-06-17,
E00382,PHL,Case manager,2021-09-10,
E00383,PHL,Case manager,2021-09-05,2023-01-29
E00384,PHL,Case manager,2021-11-10,
E00385,PHL,Case manager,2022-02-08,
E00386,PHL,Intake specialist,2022-02-03,2022-12-31
E00387,PHL,Case manager,2022-09-08,2024-12-14
E00388,PHL,Intake specialist,2022-09-17,2023-10-19
E00389,PHL,Associate attorney,2022-10-13,
E00390,PHL,Intake specialist,2022-11-09,2022-12-15
E00391,PHL,Litigation paralegal,2023-01-16,2023-02-12
E00392,PHL,Demand writer,2023-02-11,
E00393,PHL,Intake specialist,2023-02-27,2024-07-14
E00394,PHL,Case manager,2023-04-28,
E00395,PHL,Litigation paralegal,2023-05-20,
E00396,PHL,Associate attorney,2023-07-19,
E00397,PHL,Case manager,2023-07-12,
E00398,PHL,Litigation paralegal,2023-07-26,
E00399,PHL,Intake specialist,2023-09-14,
E00400,PHL,Case manager,2023-10-20,2024-04-11
E00401,PHL,Demand writer,2023-10-23,
E00402,PHL,Intake specialist,2023-12-05,
E00403,PHL,Case manager,2024-07-02,2024-11-18
E00404,PHL,Intake specialist,2024-09-06,
E00405,PHL,Associate attorney,2024-11-11,
E00406,PIT,Intake specialist,2011-06-27,2019-04-30
E00407,PIT,Intake specialist,2010-06-14,2013-06-17
E00408,PIT,Case manager,2011-11-21,2018-01-26
E00409,PIT,Demand writer,2011-12-23,2013-08-12
E00410,PIT,Litigation paralegal,2012-02-18,2013-12-28
E00411,PIT,Associate attorney,2010-07-03,2022-10-30
E00412,PIT,Case manager,2013-07-23,2016-06-14
E00413,PIT,Intake specialist,2013-08-25,2015-03-27
E00414,PIT,Case manager,2013-11-28,2014-08-27
E00415,PIT,Demand writer,2013-11-20,
E00416,PIT,Associate attorney,2014-01-18,2019-05-29
E00417,PIT,Case manager,2014-03-21,2020-03-17
E00418,PIT,Litigation paralegal,2014-03-12,2018-06-29
E00419,PIT,Demand writer,2014-06-14,2018-06-19
E00420,PIT,Case manager,2014-09-28,2015-07-26
E00421,PIT,Case manager,2014-11-26,2019-06-11
E00422,PIT,Associate attorney,2015-02-02,2022-04-13
E00423,PIT,Litigation paralegal,2015-03-01,2015-11-24
E00424,PIT,Intake specialist,2015-05-21,2015-05-24
E00425,PIT,Intake specialist,2015-07-23,2017-09-19
E00426,PIT,Case manager,2015-10-06,2018-04-25
E00427,PIT,Case manager,2016-01-11,2019-01-13
E00428,PIT,Litigation paralegal,2016-02-23,2020-04-13
E00429,PIT,Case manager,2016-09-02,2023-04-24
E00430,PIT,Intake specialist,2017-11-12,2018-05-23
E00431,PIT,Case manager,2018-04-19,2018-08-30
E00432,PIT,Case manager,2018-07-18,2021-11-21
E00433,PIT,Intake specialist,2018-07-04,2021-07-23
E00434,PIT,Demand writer,2018-09-02,2020-01-16
E00435,PIT,Litigation paralegal,2018-09-27,2020-03-20
E00436,PIT,Case manager,2018-11-07,2021-12-12
E00437,PIT,Case manager,2019-04-15,
E00438,PIT,Intake specialist,2019-06-21,2019-08-17
E00439,PIT,Associate attorney,2019-09-15,
E00440,PIT,Case manager,2019-09-07,2022-02-10
E00441,PIT,Intake specialist,2019-10-14,2021-10-15
E00442,PIT,Demand writer,2020-04-14,2021-07-20
E00443,PIT,Case manager,2020-06-04,2022-01-24
E00444,PIT,Litigation paralegal,2020-06-03,2022-03-28
E00445,PIT,Litigation paralegal,2020-07-09,
E00446,PIT,Intake specialist,2021-09-20,
E00447,PIT,Demand writer,2021-10-25,
E00448,PIT,Intake specialist,2021-12-21,2023-03-28
E00449,PIT,Case manager,2022-02-14,
E00450,PIT,Case manager,2022-03-08,2022-04-16
E00451,PIT,Case manager,2022-04-28,2023-08-13
E00452,PIT,Case manager,2022-05-16,2023-11-28
E00453,PIT,Litigation paralegal,2022-06-01,
E00454,PIT,Case manager,2022-07-27,
E00455,PIT,Associate attorney,2022-08-11,2024-03-14
E00456,PIT,Associate attorney,2023-02-21,
E00457,PIT,Intake specialist,2023-05-05,
E00458,PIT,Case manager,2023-07-09,
E00459,PIT,Case manager,2023-11-18,2024-09-12
E00460,PIT,Case manager,2024-01-02,
E00461,PIT,Case manager,2024-03-06,
E00462,PIT,Associate attorney,2024-07-16,2024-11-25
E00463,ATL,Intake specialist,2011-01-22,2015-01-16
E00464,ATL,Intake specialist,2012-11-03,2013-02-28
E00465,ATL,Intake specialist,2010-04-23,2014-06-17
E00466,ATL,Case manager,2011-08-19,2014-03-12
E00467,ATL,Demand writer,2010-07-21,2018-12-20
E00468,ATL,Litigation paralegal,2010-10-28,2015-12-24
E00469,ATL,Associate attorney,2011-10-05,2013-07-24
E00470,ATL,Case manager,2013-06-15,2014-02-10
E00471,ATL,Case manager,2013-09-02,2016-01-25
E00472,ATL,Intake specialist,2013-09-16,2019-07-17
E00473,ATL,Associate attorney,2013-10-13,2014-03-16
E00474,ATL,Associate attorney,2013-11-21,2015-04-16
E00475,ATL,Case manager,2013-11-05,2013-11-20
E00476,ATL,Demand writer,2014-01-01,
E00477,ATL,Case manager,2014-02-11,2017-08-30
E00478,ATL,Case manager,2014-02-01,2017-08-21
E00479,ATL,Litigation paralegal,2014-03-08,2020-01-23
E00480,ATL,Associate attorney,2014-04-19,2015-01-15
E00481,ATL,Case manager,2014-05-11,2015-01-22
E00482,ATL,Case manager,2014-06-07,2017-02-13
E00483,ATL,Case manager,2014-06-15,2022-08-13
E00484,ATL,Associate attorney,2014-07-22,
E00485,ATL,Intake specialist,2014-09-07,2016-06-27
E00486,ATL,Case manager,2014-10-10,2017-12-17
E00487,ATL,Associate attorney,2015-02-15,2019-04-26
E00488,ATL,Case manager,2015-04-27,2022-05-21
E00489,ATL,Associate attorney,2015-05-02,2018-12-13
E00490,ATL,Case manager,2015-06-27,2017-01-22
E00491,ATL,Demand writer,2015-07-11,2015-08-30
E00492,ATL,Associate attorney,2015-08-03,
E00493,ATL,Intake specialist,2015-10-24,2016-05-28
E00494,ATL,Demand writer,2015-11-09,2017-02-23
E00495,ATL,Case manager,2016-02-01,
E00496,ATL,Litigation paralegal,2016-03-08,2017-08-20
E00497,ATL,Case manager,2016-05-28,2023-08-24
E00498,ATL,Litigation paralegal,2016-05-11,2020-06-23
E00499,ATL,Intake specialist,2016-08-28,2018-12-30
E00500,ATL,Intake specialist,2016-09-11,2017-05-17
E00501,ATL,Case manager,2017-04-23,2020-12-24
E00502,ATL,Case manager,2017-05-11,2019-07-13
E00503,ATL,Demand writer,2017-05-22,2019-01-20
E00504,ATL,Intake specialist,2017-10-26,2020-01-14
E00505,ATL,Case manager,2017-11-02,2018-07-27
E00506,ATL,Case manager,2017-11-09,2018-03-24
E00507,ATL,Litigation paralegal,2017-11-12,2018-09-26
E00508,ATL,Case manager,2018-06-12,2023-10-21
E00509,ATL,Case manager,2018-08-19,2024-02-23
E00510,ATL,Case manager,2018-10-07,2018-12-25
E00511,ATL,Litigation paralegal,2018-12-13,
E00512,ATL,Intake specialist,2019-02-07,2020-08-21
E00513,ATL,Case manager,2019-03-09,2019-05-14
E00514,ATL,Demand writer,2019-03-12,2021-01-22
E00515,ATL,Associate attorney,2019-04-05,2020-05-29
E00516,ATL,Associate attorney,2019-04-28,
E00517,ATL,Demand writer,2019-04-13,2021-01-15
E00518,ATL,Associate attorney,2019-08-17,
E00519,ATL,Case manager,2019-08-10,2021-06-30
E00520,ATL,Intake specialist,2019-09-21,2020-08-30
E00521,ATL,Case manager,2019-10-12,2020-07-15
E00522,ATL,Case manager,2019-10-14,2021-07-16
E00523,ATL,Litigation paralegal,2020-04-21,
E00524,ATL,Litigation paralegal,2020-09-22,2024-02-24
E00525,ATL,Associate attorney,2020-10-10,2024-04-26
E00526,ATL,Intake specialist,2020-10-27,2021-12-26
E00527,ATL,Intake specialist,2020-10-03,2021-06-27
E00528,ATL,Intake specialist,2020-10-13,2021-02-12
E00529,ATL,Case manager,2021-03-26,
E00530,ATL,Demand writer,2021-04-04,2023-02-17
E00531,ATL,Demand writer,2021-04-07,2022-04-19
E00532,ATL,Intake specialist,2021-04-19,2022-02-21
E00533,ATL,Case manager,2021-07-02,2023-07-13
E00534,ATL,Intake specialist,2021-08-17,2022-03-26
E00535,ATL,Case manager,2021-09-17,2024-07-12
E00536,ATL,Case manager,2021-10-10,2023-03-14
E00537,ATL,Intake specialist,2022-02-11,2022-07-24
E00538,ATL,Intake specialist,2022-04-12,
E00539,ATL,Intake specialist,2022-05-22,2023-01-29
E00540,ATL,Demand writer,2022-07-27,
E00541,ATL,Case manager,2022-08-05,
E00542,ATL,Intake specialist,2022-09-28,2024-02-23
E00543,ATL,Case manager,2022-11-15,
E00544,ATL,Intake specialist,2023-03-05,
E00545,ATL,Litigation paralegal,2023-04-27,2023-04-22
E00546,ATL,Demand writer,2023-05-18,
E00547,ATL,Case manager,2023-06-08,2024-01-30
E00548,ATL,Litigation paralegal,2023-07-19,
E00549,ATL,Case manager,2023-10-20,
E00550,ATL,Case manager,2023-11-18,
E00551,ATL,Case manager,2023-12-26,
E00552,ATL,Case manager,2024-01-02,
E00553,ATL,Case manager,2024-04-21,
E00554,ATL,Intake specialist,2024-04-02,
E00555,ATL,Case manager,2024-05-26,
E00556,ATL,Litigation paralegal,2024-05-01,
E00557,ATL,Associate attorney,2024-08-21,
E00558,ATL,Case manager,2024-10-22,
E00559,SAV,Intake specialist,2012-06-09,2013-01-25
E00560,SAV,Case manager,2010-10-24,2014-10-24
E00561,SAV,Demand writer,2011-07-03,2016-12-16
E00562,SAV,Litigation paralegal,2010-10-23,2015-02-16
E00563,SAV,Associate attorney,2012-09-09,2013-04-25
E00564,SAV,Intake specialist,2013-03-09,2018-12-18
E00565,SAV,Associate attorney,2013-08-01,2019-10-19
E00566,SAV,Case manager,2013-10-04,2014-04-21
E00567,SAV,Case manager,2014-05-15,2014-05-21
E00568,SAV,Associate attorney,2014-07-24,2021-03-16
E00569,SAV,Case manager,2014-07-24,2018-03-21
E00570,SAV,Case manager,2014-08-02,2021-05-21
E00571,SAV,Case manager,2015-01-18,2016-08-12
E00572,SAV,Litigation paralegal,2015-05-21,2019-01-26
E00573,SAV,Case manager,2015-06-25,2018-01-18
E00574,SAV,Case manager,2016-11-06,2022-01-30
E00575,SAV,Litigation paralegal,2017-01-02,2018-12-25
E00576,SAV,Demand writer,2017-03-16,2020-12-31
E00577,SAV,Demand writer,2017-07-13,2023-11-26
E00578,SAV,Case manager,2018-04-09,2018-07-25
E00579,SAV,Case manager,2018-06-28,2022-03-27
E00580,SAV,Case manager,2018-10-22,2022-04-28
E00581,SAV,Intake specialist,2019-02-20,2020-03-31
E00582,SAV,Litigation paralegal,2019-03-04,2023-11-11
E00583,SAV,Litigation paralegal,2019-04-22,2020-01-24
E00584,SAV,Associate attorney,2020-02-21,
E00585,SAV,Intake specialist,2020-05-15,2023-05-21
E00586,SAV,Intake specialist,2021-01-13,2021-02-27
E00587,SAV,Associate attorney,2021-07-24,2024-04-11
E00588,SAV,Case manager,2021-08-05,2022-04-23
E00589,SAV,Demand writer,2022-02-11,
E00590,SAV,Litigation paralegal,2022-03-24,
E00591,SAV,Case manager,2022-04-19,
E00592,SAV,Intake specialist,2022-05-03,2023-01-23
E00593,SAV,Case manager,2022-06-22,2022-09-11
E00594,SAV,Case manager,2022-07-05,
E00595,SAV,Case manager,2022-07-22,2024-09-11
E00596,SAV,Case manager,2022-12-18,2023-10-27
E00597,SAV,Intake specialist,2023-07-18,
E00598,SAV,Case manager,2024-01-06,2024-12-14
E00599,SAV,Litigation paralegal,2024-02-11,2024-11-26
E00600,SAV,Intake specialist,2024-06-25,
E00601,SAV,Demand writer,2024-07-18,2024-12-21
E00602,SAV,Associate attorney,2024-08-14,
E00603,SAV,Case manager,2024-12-18,
E00604,MIA,Intake specialist,2010-05-27,2014-06-27
E00605,MIA,Intake specialist,2010-02-23,2013-03-31
E00606,MIA,Intake specialist,2011-05-06,2014-08-25
E00607,MIA,Case manager,2010-10-10,2015-02-23
E00608,MIA,Demand writer,2012-04-01,2014-03-14
E00609,MIA,Litigation paralegal,2011-02-16,2016-04-26
E00610,MIA,Associate attorney,2012-03-25,2017-03-19
E00611,MIA,Intake specialist,2013-05-02,2013-05-19
E00612,MIA,Case manager,2013-06-20,2015-05-22
E00613,MIA,Intake specialist,2013-07-01,2016-03-18
E00614,MIA,Case manager,2013-08-20,2015-10-16
E00615,MIA,Associate attorney,2013-09-09,2020-06-27
E00616,MIA,Case manager,2013-10-24,2017-03-21
E00617,MIA,Demand writer,2013-11-11,2015-04-16
E00618,MIA,Case manager,2013-12-18,2014-02-09
E00619,MIA,Associate attorney,2014-02-01,2016-09-28
E00620,MIA,Litigation paralegal,2014-02-08,2019-01-24
E00621,MIA,Case manager,2014-03-03,2014-12-26
E00622,MIA,Case manager,2014-05-21,2016-07-18
E00623,MIA,Case manager,2014-06-13,2016-05-23
E00624,MIA,Demand writer,2014-06-23,2015-02-25
E00625,MIA,Associate attorney,2014-08-10,2023-12-29
E00626,MIA,Intake specialist,2014-08-24,2014-11-18
E00627,MIA,Case manager,2014-09-16,2022-03-19
E00628,MIA,Demand writer,2014-10-12,2022-02-09
E00629,MIA,Intake specialist,2014-11-16,2017-11-29
E00630,MIA,Intake specialist,2015-01-28,2018-06-29
E00631,MIA,Case manager,2015-03-24,2019-08-27
E00632,MIA,Case manager,2015-03-09,2016-08-20
E00633,MIA,Case manager,2015-05-27,2017-05-17
E00634,MIA,Demand writer,2015-05-02,2017-07-17
E00635,MIA,Demand writer,2015-07-01,2019-01-20
E00636,MIA,Case manager,2015-08-24,2015-11-27
E00637,MIA,Associate attorney,2015-09-26,2017-02-15
E00638,MIA,Case manager,2016-02-19,
E00639,MIA,Case manager,2016-04-13,2022-06-11
E00640,MIA,Litigation paralegal,2016-05-13,2018-07-17
E00641,MIA,Intake specialist,2016-05-13,2017-01-23
E00642,MIA,Litigation paralegal,2016-07-21,2020-08-18
E00643,MIA,Case manager,2016-08-17,2019-04-28
E00644,MIA,Case manager,2016-10-15,2018-05-30
E00645,MIA,Case manager,2016-11-10,2024-11-30
E00646,MIA,Intake specialist,2017-03-14,2018-06-20
E00647,MIA,Associate attorney,2017-06-07,2018-01-24
E00648,MIA,Case manager,2017-06-03,2023-11-11
E00649,MIA,Associate attorney,2017-07-28,2021-01-30
E00650,MIA,Case manager,2017-08-28,2022-01-14
E00651,MIA,Demand writer,2017-10-24,2019-12-18
E00652,MIA,Associate attorney,2018-01-11,2019-07-13
E00653,MIA,Intake specialist,2018-01-13,2018-06-16
E00654,MIA,Associate attorney,2018-05-20,2023-08-28
E00655,MIA,Case manager,2018-06-09,2024-03-30
E00656,MIA,Case manager,2018-08-02,2019-10-16
E00657,MIA,Intake specialist,2018-08-14,2020-07-23
E00658,MIA,Intake specialist,2018-08-01,2021-12-25
E00659,MIA,Intake specialist,2018-08-14,2019-03-14
E00660,MIA,Litigation paralegal,2018-10-17,
E00661,MIA,Demand writer,2019-04-12,2022-02-25
E00662,MIA,Litigation paralegal,2019-04-05,2022-01-12
E00663,MIA,Intake specialist,2019-05-27,
E00664,MIA,Case manager,2019-07-28,2019-11-23
E00665,MIA,Case manager,2019-07-22,2020-08-27
E00666,MIA,Associate attorney,2019-11-22,2022-08-31
E00667,MIA,Case manager,2020-01-16,2023-01-12
E00668,MIA,Case manager,2020-02-15,2021-09-20
E00669,MIA,Demand writer,2020-03-13,
E00670,MIA,Associate attorney,2020-10-15,
E00671,MIA,Intake specialist,2020-10-23,2021-04-15
E00672,MIA,Case manager,2020-11-13,
E00673,MIA,Litigation paralegal,2020-11-17,2021-06-29
E00674,MIA,Associate attorney,2021-05-19,
E00675,MIA,Intake specialist,2021-06-21,2022-05-23
E00676,MIA,Litigation paralegal,2021-09-16,2021-12-16
E00677,MIA,Case manager,2021-12-27,2022-12-13
E00678,MIA,Case manager,2022-01-08,2022-11-24
E00679,MIA,Intake specialist,2022-02-18,
E00680,MIA,Litigation paralegal,2022-03-27,2022-04-14
E00681,MIA,Case manager,2022-04-24,2023-02-26
E00682,MIA,Litigation paralegal,2022-04-04,
E00683,MIA,Demand writer,2022-05-21,2022-07-16
E00684,MIA,Demand writer,2022-05-18,
E00685,MIA,Case manager,2022-06-27,
E00686,MIA,Demand writer,2022-07-21,2023-02-17
E00687,MIA,Litigation paralegal,2022-07-09,
E00688,MIA,Intake specialist,2022-07-22,2022-09-13
E00689,MIA,Associate attorney,2022-08-22,2023-02-26
E00690,MIA,Case manager,2022-09-05,2024-06-11
E00691,MIA,Intake specialist,2022-11-07,
E00692,MIA,Case manager,2023-02-09,2023-03-28
E00693,MIA,Case manager,2023-03-24,2023-07-30
E00694,MIA,Case manager,2023-04-01,
E00695,MIA,Case manager,2023-05-27,2024-08-25
E00696,MIA,Demand writer,2023-05-26,2024-06-25
E00697,MIA,Associate attorney,2023-06-10,
E00698,MIA,Case manager,2023-06-07,
E00699,MIA,Demand writer,2023-08-12,2024-02-22
E00700,MIA,Associate attorney,2023-09-06,2023-11-16
E00701,MIA,Case manager,2023-10-22,
E00702,MIA,Case manager,2024-02-12,
E00703,MIA,Associate attorney,2024-03-09,
E00704,MIA,Associate attorney,2024-04-05,
E00705,MIA,Demand writer,2024-05-27,
E00706,MIA,Litigation paralegal,2024-05-19,
E00707,MIA,Associate attorney,2024-06-24,
E00708,MIA,Case manager,2024-06-01,2024-06-26
E00709,MIA,Case manager,2024-09-17,
E00710,MIA,Case manager,2024-09-01,
E00711,MIA,Demand writer,2024-09-12,
E00712,MIA,Case manager,2024-11-28,
E00713,TPA,Intake specialist,2010-08-25,2016-10-14
E00714,TPA,Intake specialist,2012-05-11,2014-02-16
E00715,TPA,Case manager,2012-10-08,2014-05-24
E00716,TPA,Demand writer,2010-04-05,2013-10-22
E00717,TPA,Litigation paralegal,2011-12-26,2018-03-22
E00718,TPA,Associate attorney,2012-12-22,2015-09-14
E00719,TPA,Case manager,2013-06-13,2020-09-25
E00720,TPA,Case manager,2013-09-26,2016-01-12
E00721,TPA,Associate attorney,2013-10-16,
E00722,TPA,Case manager,2014-01-16,2016-07-30
E00723,TPA,Demand writer,2014-01-14,2019-02-09
E00724,TPA,Demand writer,2014-02-22,2016-05-17
E00725,TPA,Case manager,2014-04-19,2020-09-16
E00726,TPA,Intake specialist,2014-04-06,2014-04-15
E00727,TPA,Associate attorney,2014-06-17,2015-10-13
E00728,TPA,Intake specialist,2014-06-22,2014-08-22
E00729,TPA,Case manager,2014-08-06,
E00730,TPA,Litigation paralegal,2014-09-20,2014-11-28
E00731,TPA,Intake specialist,2014-10-23,2015-08-25
E00732,TPA,Case manager,2015-02-04,2018-12-15
E00733,TPA,Litigation paralegal,2015-02-17,2019-01-27
E00734,TPA,Intake specialist,2015-10-15,2024-12-20
E00735,TPA,Associate attorney,2016-01-23,2021-06-24
E00736,TPA,Case manager,2016-01-27,2017-07-15
E00737,TPA,Associate attorney,2016-02-11,
E00738,TPA,Case manager,2016-04-17,2018-01-21
E00739,TPA,Demand writer,2016-08-11,
E00740,TPA,Case manager,2016-10-04,2020-05-18
E00741,TPA,Intake specialist,2016-12-18,2017-12-15
E00742,TPA,Associate attorney,2017-01-26,2017-06-22
E00743,TPA,Associate attorney,2017-10-20,2021-09-27
E00744,TPA,Case manager,2017-10-28,2019-07-14
E00745,TPA,Intake specialist,2018-02-06,2018-11-25
E00746,TPA,Case manager,2018-04-22,2019-01-25
E00747,TPA,Litigation paralegal,2018-06-07,2020-05-12
E00748,TPA,Intake specialist,2019-01-15,2019-10-18
E00749,TPA,Case manager,2019-03-27,2022-01-28
E00750,TPA,Case manager,2019-04-24,2019-08-13
E00751,TPA,Litigation paralegal,2019-04-22,
E00752,TPA,Demand writer,2019-05-22,2019-09-20
E00753,TPA,Case manager,2019-10-14,2020-01-14
E00754,TPA,Case manager,2019-11-28,2020-10-14
E00755,TPA,Demand writer,2019-12-25,
E00756,TPA,Intake specialist,2019-12-27,2022-11-21
E00757,TPA,Case manager,2020-04-10,
E00758,TPA,Case manager,2020-08-18,2022-05-28
E00759,TPA,Litigation paralegal,2020-08-25,2021-07-16
E00760,TPA,Case manager,2020-12-27,2021-10-31
E00761,TPA,Case manager,2020-12-19,2023-02-15
E00762,TPA,Case manager,2021-01-24,
E00763,TPA,Associate attorney,2021-10-05,2024-06-28
E00764,TPA,Litigation paralegal,2021-10-15,
E00765,TPA,Litigation paralegal,2021-12-04,2024-03-12
E00766,TPA,Associate attorney,2022-01-10,2023-06-30
E00767,TPA,Case manager,2022-01-24,
E00768,TPA,Case manager,2022-04-12,
E00769,TPA,Case manager,2022-07-17,
E00770,TPA,Intake specialist,2022-12-11,2023-06-21
E00771,TPA,Case manager,2023-05-18,
E00772,TPA,Intake specialist,2023-07-22,
E00773,TPA,Case manager,2023-09-20,2024-02-20
E00774,TPA,Associate attorney,2023-10-04,
E00775,TPA,Demand writer,2023-12-04,2024-01-13
E00776,TPA,Demand writer,2024-04-25,
E00777,TPA,Case manager,2024-05-13,
E00778,TPA,Litigation paralegal,2024-06-24,
E00779,TPA,Associate attorney,2024-10-08,
E00780,HOU,Intake specialist,2011-04-27,2013-06-17
E00781,HOU,Intake specialist,2011-07-18,2013-09-21
E00782,HOU,Intake specialist,2011-07-11,2013-09-24
E00783,HOU,Case manager,2011-12-20,2013-11-14
E00784,HOU,Demand writer,2010-06-17,2015-11-25
E00785,HOU,Litigation paralegal,2011-04-26,2017-07-13
E00786,HOU,Associate attorney,2012-08-07,2013-07-18
E00787,HOU,Case manager,2013-06-28,2021-12-24
E00788,HOU,Case manager,2013-08-16,2016-04-18
E00789,HOU,Intake specialist,2013-08-06,2015-09-17
E00790,HOU,Associate attorney,2013-09-26,2013-12-18
E00791,HOU,Case manager,2013-10-18,2014-02-12
E00792,HOU,Associate attorney,2013-11-01,2015-07-16
E00793,HOU,Intake specialist,2013-11-07,2014-08-16
E00794,HOU,Intake specialist,2013-11-06,2014-09-20
E00795,HOU,Case manager,2013-12-21,2014-01-18
E00796,HOU,Demand writer,2013-12-09,2016-10-29
E00797,HOU,Case manager,2014-02-18,2017-02-14
E00798,HOU,Associate attorney,2014-03-25,
E00799,HOU,Case manager,2014-03-12,2018-07-14
E00800,HOU,Litigation paralegal,2014-03-17,2017-11-18
E00801,HOU,Associate attorney,2014-04-12,
E00802,HOU,Case manager,2014-04-13,2019-08-25
E00803,HOU,Case manager,2014-05-26,2016-05-20
E00804,HOU,Case manager,2014-06-24,2016-11-16
E00805,HOU,Associate attorney,2014-09-13,
E00806,HOU,Intake specialist,2014-10-27,2015-08-21
E00807,HOU,Intake specialist,2014-11-12,2015-04-27
E00808,HOU,Case manager,2014-12-02,2021-07-29
E00809,HOU,Demand writer,2014-12-15,2021-02-26
E00810,HOU,Case manager,2015-03-03,2016-03-14
E00811,HOU,Litigation paralegal,2015-05-27,2021-11-30
E00812,HOU,Intake specialist,2015-06-06,2017-01-24
E00813,HOU,Associate attorney,2015-08-14,2021-05-26
E00814,HOU,Intake specialist,2015-10-16,2017-01-16
E00815,HOU,Associate attorney,2015-11-21,2017-12-18
E00816,HOU,Intake specialist,2015-11-10,2016-05-15
E00817,HOU,Case manager,2015-12-10,2016-06-14
E00818,HOU,Demand writer,2016-02-15,2022-01-21
E00819,HOU,Case manager,2016-06-24,2020-04-30
E00820,HOU,Case manager,2016-07-24,2016-11-22
E00821,HOU,Intake specialist,2016-07-11,2017-06-14
E00822,HOU,Case manager,2016-08-09,2018-08-13
E00823,HOU,Case manager,2016-09-27,2021-05-16
E00824,HOU,Case manager,2016-10-24,2017-11-11
E00825,HOU,Demand writer,2017-01-25,
E00826,HOU,Case manager,2017-02-13,2019-10-31
E00827,HOU,Case manager,2017-02-06,2017-07-19
E00828,HOU,Intake specialist,2017-03-17,2020-12-12
E00829,HOU,Intake specialist,2017-03-05,2019-05-24
E00830,HOU,Case manager,2017-05-01,
E00831,HOU,Intake specialist,2017-08-09,2017-08-29
E00832,HOU,Litigation paralegal,2017-10-28,
E00833,HOU,Intake specialist,2017-10-19,2018-10-16
E00834,HOU,Case manager,2018-02-06,2023-05-12
E00835,HOU,Litigation paralegal,2018-02-01,2024-01-16
E00836,HOU,Associate attorney,2018-04-19,2020-07-14
E00837,HOU,Case manager,2018-10-06,2023-01-25
E00838,HOU,Case manager,2018-11-08,2019-06-17
E00839,HOU,Intake specialist,2018-12-04,2021-07-20
E00840,HOU,Intake specialist,2019-07-16,2022-08-19
E00841,HOU,Case manager,2019-09-22,2021-11-18
E00842,HOU,Case manager,2019-11-15,2021-02-25
E00843,HOU,Case manager,2020-01-21,2020-05-14
E00844,HOU,Case manager,2020-07-01,2021-12-25
E00845,HOU,Case manager,2020-08-01,2021-05-17
E00846,HOU,Associate attorney,2020-11-22,2024-08-21
E00847,HOU,Intake specialist,2021-02-02,2022-01-17
E00848,HOU,Case manager,2021-05-04,2021-11-29
E00849,HOU,Demand writer,2021-05-24,
E00850,HOU,Case manager,2021-08-06,
E00851,HOU,Case manager,2021-08-15,2022-04-13
E00852,HOU,Intake specialist,2021-08-21,2022-09-29
E00853,HOU,Associate attorney,2021-09-04,
E00854,HOU,Intake specialist,2021-09-01,
E00855,HOU,Case manager,2021-10-24,2023-08-15
E00856,HOU,Case manager,2021-10-13,
E00857,HOU,Case manager,2022-01-19,2023-07-25
E00858,HOU,Demand writer,2022-01-13,
E00859,HOU,Associate attorney,2022-02-19,2024-07-15
E00860,HOU,Case manager,2022-02-12,2023-09-21
E00861,HOU,Case manager,2022-02-22,2022-04-28
E00862,HOU,Litigation paralegal,2022-02-01,
E00863,HOU,Case manager,2022-03-15,
E00864,HOU,Case manager,2022-03-12,2023-02-11
E00865,HOU,Intake specialist,2022-03-17,2022-06-19
E00866,HOU,Demand writer,2022-04-16,2024-04-26
E00867,HOU,Litigation paralegal,2022-05-27,
E00868,HOU,Case manager,2022-07-07,2024-03-29
E00869,HOU,Case manager,2022-07-21,
E00870,HOU,Intake specialist,2022-08-07,2023-04-14
E00871,HOU,Case manager,2022-09-19,
E00872,HOU,Intake specialist,2022-10-05,2023-03-20
E00873,HOU,Intake specialist,2022-11-25,
E00874,HOU,Associate attorney,2023-01-27,2024-07-20
E00875,HOU,Case manager,2023-01-24,
E00876,HOU,Case manager,2023-04-27,
E00877,HOU,Case manager,2023-05-20,2023-09-28
E00878,HOU,Intake specialist,2023-05-08,2024-01-12
E00879,HOU,Intake specialist,2023-06-14,
E00880,HOU,Case manager,2023-08-23,
E00881,HOU,Case manager,2023-10-09,
E00882,HOU,Case manager,2023-11-18,
E00883,HOU,Case manager,2023-12-17,
E00884,HOU,Case manager,2023-12-28,
E00885,HOU,Intake specialist,2024-03-21,2024-06-28
E00886,HOU,Litigation paralegal,2024-04-06,
E00887,HOU,Case manager,2024-06-14,
E00888,HOU,Demand writer,2024-07-21,
E00889,HOU,Intake specialist,2024-08-11,
E00890,HOU,Associate attorney,2024-11-04,2024-11-17
E00891,HOU,Associate attorney,2024-11-05,
E00892,HOU,Associate attorney,2024-12-13,
E00893,DAL,Intake specialist,2010-06-25,2015-03-23
E00894,DAL,Intake specialist,2012-02-05,2014-02-15
E00895,DAL,Intake specialist,2011-05-10,2021-07-31
E00896,DAL,Case manager,2012-10-11,2019-10-26
E00897,DAL,Demand writer,2011-08-09,2017-03-16
E00898,DAL,Litigation paralegal,2012-03-12,2015-07-27
E00899,DAL,Associate attorney,2011-11-15,2014-09-18
E00900,DAL,Case manager,2013-06-12,2017-04-18
E00901,DAL,Case manager,2013-08-09,2013-12-27
E00902,DAL,Associate attorney,2013-09-18,2019-10-16
E00903,DAL,Case manager,2013-11-12,2015-03-24
E00904,DAL,Demand writer,2013-12-23,2024-03-28
E00905,DAL,Case manager,2014-01-28,2014-04-17
E00906,DAL,Associate attorney,2014-03-21,2022-07-28
E00907,DAL,Case manager,2014-03-07,2016-04-18
E00908,DAL,Case manager,2014-04-06,2021-12-26
E00909,DAL,Case manager,2014-07-27,
E00910,DAL,Litigation paralegal,2014-07-21,2014-07-30
E00911,DAL,Case manager,2014-09-19,2017-09-29
E00912,DAL,Litigation paralegal,2014-10-11,2017-10-31
E00913,DAL,Intake specialist,2014-11-11,2015-10-21
E00914,DAL,Associate attorney,2014-12-17,2017-12-14
E00915,DAL,Associate attorney,2015-01-05,2018-01-27
E00916,DAL,Case manager,2015-01-16,2015-01-19
E00917,DAL,Demand writer,2015-02-05,2018-02-17
E00918,DAL,Case manager,2015-04-11,2018-04-23
E00919,DAL,Intake specialist,2015-05-13,2018-03-18
E00920,DAL,Case manager,2015-06-06,2022-07-19
E00921,DAL,Case manager,2015-06-10,2024-06-17
E00922,DAL,Litigation paralegal,2015-10-24,2024-09-25
E00923,DAL,Intake specialist,2015-12-03,2017-06-30
E00924,DAL,Litigation paralegal,2016-06-19,2022-11-27
E00925,DAL,Case manager,2016-07-09,2016-12-23
E00926,DAL,Case manager,2017-03-15,2022-10-30
E00927,DAL,Demand writer,2017-06-11,2019-12-14
E00928,DAL,Case manager,2017-07-06,2017-12-15
E00929,DAL,Intake specialist,2017-09-22,2019-12-23
E00930,DAL,Case manager,2017-12-16,2022-02-13
E00931,DAL,Litigation paralegal,2018-01-28,
E00932,DAL,Case manager,2018-03-02,2019-07-14
E00933,DAL,Associate attorney,2018-04-21,2023-10-29
E00934,DAL,Associate attorney,2018-05-19,
E00935,DAL,Demand writer,2018-05-02,2023-01-25
E00936,DAL,Intake specialist,2018-07-18,2021-11-28
E00937,DAL,Case manager,2018-10-18,2020-03-30
E00938,DAL,Associate attorney,2019-04-01,
E00939,DAL,Case manager,2019-10-16,2023-10-21
E00940,DAL,Case manager,2020-01-23,2020-06-17
E00941,DAL,Associate attorney,2020-02-26,2021-04-30
E00942,DAL,Intake specialist,2020-02-04,2022-05-31
E00943,DAL,Demand writer,2020-03-04,2024-02-22
E00944,DAL,Case manager,2020-06-13,2024-10-30
E00945,DAL,Case manager,2020-09-28,2021-01-16
E00946,DAL,Case manager,2021-03-25,2021-10-16
E00947,DAL,Case manager,2021-04-10,2021-07-20
E00948,DAL,Associate attorney,2021-08-06,
E00949,DAL,Intake specialist,2021-09-17,2021-09-24
E00950,DAL,Case manager,2021-10-18,2022-12-22
E00951,DAL,Intake specialist,2021-11-08,2021-12-21
E00952,DAL,Case manager,2022-01-20,2023-08-29
E00953,DAL,Intake specialist,2022-01-14,2022-06-24
E00954,DAL,Intake specialist,2022-02-22,2024-07-28
E00955,DAL,Case manager,2022-03-18,2024-02-19
E00956,DAL,Case manager,2022-05-22,2024-01-26
E00957,DAL,Intake specialist,2022-07-11,2023-01-16
E00958,DAL,Intake specialist,2022-08-24,
E00959,DAL,Case manager,2022-10-05,
E00960,DAL,Associate attorney,2022-11-02,
E00961,DAL,Case manager,2023-01-02,
E00962,DAL,Litigation paralegal,2023-02-05,
E00963,DAL,Case manager,2023-03-27,
E00964,DAL,Case manager,2023-03-16,
E00965,DAL,Intake specialist,2023-03-17,2023-08-28
E00966,DAL,Demand writer,2023-04-23,
E00967,DAL,Litigation paralegal,2023-08-12,
E00968,DAL,Intake specialist,2023-10-03,2024-01-27
E00969,DAL,Case manager,2023-11-09,2024-05-26
E00970,DAL,Case manager,2024-01-04,
E00971,DAL,Associate attorney,2024-02-19,2024-02-10
E00972,DAL,Intake specialist,2024-03-22,
E00973,DAL,Case manager,2024-04-22,
E00974,DAL,Case manager,2024-05-01,
E00975,DAL,Demand writer,2024-05-28,
E00976,DAL,Associate attorney,2024-06-15,
E00977,DAL,Demand writer,2024-06-17,
E00978,DAL,Case manager,2024-08-02,2024-11-25
E00979,DAL,Case manager,2024-09-01,
E00980,DAL,Intake specialist,2024-09-12,
E00981,DAL,Litigation paralegal,2024-12-02,
